payment_id,order_id,payment_method,amount_paise,created_at
1001,101,upi,149900,2025-06-01 10:15:00
1002,102,credit_card,259900,2025-06-03 12:40:00
1003,103,upi,89900,2025-06-05 09:05:00
1004,104,debit_card,149900,2025-06-10 18:22:00
1005,105,upi,49900,2025-06-12 14:10:00
1006,105,gift_card,20000,2025-06-12 14:11:00
1007,106,cod,119900,2025-06-15 16:30:00
1008,107,credit_card,329900,2025-06-18 11:45:00
1009,108,upi,79900,2025-06-20 20:05:00
1010,109,net_banking,189900,2025-06-22 08:50:00
1011,110,upi,99900,2025-06-25 13:15:00
1012,112,credit_card,159900,2025-07-01 17:00:00